,pageref,startedDateTime,request.method,request.url,request.httpVersion,request.headersSize,request.bodySize,request.comment,response.status,response.statusText,response.httpVersion,response.content.size,response.content.mimeType,response.content.comment,response.redirectURL,response.headersSize,response.bodySize,response.comment,response._error,timings.comment,timings.receive,timings.blocked,timings.connect,timings.wait,timings.ssl,timings.send,timings.dns,serverIPAddress,comment,time,request.queryString.name
0,,2019-10-09T16:22:54.208+03:00,GET,http://www.shutupandtakemymoney.com/wp-content/uploads/2018/10/laughing-face.png,HTTP/1.1,992,0,,0,,unknown,0,,,,-1,-1,,No response received,,0,0,33,0,-1,1,0,104.24.17.117,,35,
1,,2019-10-09T16:22:54.215+03:00,GET,http://www.shutupandtakemymoney.com/wp-content/plugins/wpfront-scroll-top/images/icons/1.png,HTTP/1.1,1004,0,,0,,unknown,0,,,,-1,-1,,No response received,,0,0,27,0,-1,0,0,104.24.17.117,,27,
2,,2019-10-09T16:22:54.218+03:00,GET,http://www.shutupandtakemymoney.com/wp-content/themes/arras/images/feed-title-white.jpg,HTTP/1.1,1045,0,,0,,unknown,0,,,,-1,-1,,No response received,,0,0,29,0,-1,0,0,104.24.17.117,,29,
3,,2019-10-09T16:22:54.220+03:00,GET,http://www.shutupandtakemymoney.com/wp-content/uploads/2018/08/arrow.png,HTTP/1.1,1020,0,,0,,unknown,0,,,,-1,-1,,No response received,,0,0,29,0,-1,0,0,104.24.17.117,,29,
4,,2019-10-09T16:22:54.222+03:00,GET,http://www.shutupandtakemymoney.com/wp-content/plugins/cudazi-scroll-to-top/images/scroll.png,HTTP/1.1,1096,0,,0,,unknown,0,,,,-1,-1,,No response received,,0,0,26,0,-1,0,0,104.24.17.117,,26,
5,,2019-10-09T16:22:54.225+03:00,GET,http://www.shutupandtakemymoney.com/wp-includes/js/thickbox/loadingAnimation.gif,HTTP/1.1,992,0,,0,,unknown,0,,,,-1,-1,,No response received,,0,0,23,0,-1,0,0,104.24.17.117,,24,
6,,2019-10-09T16:22:54.257+03:00,GET,http://www.shutupandtakemymoney.com/,HTTP/1.1,1010,0,,200,OK,HTTP/1.1,0,text/html;charset=UTF-8,,,544,49115,,,,289,0,22,4401,-1,0,0,104.24.17.117,,4714,
7,,2019-10-09T16:22:58.710+03:00,POST,https://csi.gstatic.com/csi?v=2&s=pagead&action=csi_pagead&puid=1~k1jaz6se&c=861779346613&e=21064714%2C21060078&ctx=1&uet=2&met.1=24.qma,HTTP/1.1,569,0,,204,No Content,HTTP/1.1,0,image/gif,,,440,0,,,,0,-1,-1,187,-1,1,-1,173.194.219.94,,189,value
8,,2019-10-09T16:22:58.742+03:00,GET,"https://pagead2.googlesyndication.com/pcs/activeview?xai=AKAOjstEYNOhOEdcYCbBL_td41lmumOFGOVMSFPqj0XCtT4ZcbawK9wPpP3Zz_bxT8wjtrYSyqA1SWN1FcoLc-ZL8LUqh_z9R3j32lCxx4G6Ua1ET-d5TwI&sai=AMfl-YS5cFM6eTVbbtm_qMR72y2SqxRypnedNCiVIjt2DBHSieqULhwSr9P2-ZdNYRPYucP7huY3R8EL93bs&sig=Cg0ArKJSzJXcJwmNOvNdEAE&adk=2057880241&tt=-1&bs=779%2C600&mtos=0,0,0,0,0&tos=0,0,0,0,0&p=9209,428,9409,778&mcvt=0&rs=1&ht=0&mc=0&lte=0&bas=0&bac=0&met=no&avms=nio&niot_obs=29&niot_cbk=107&md=2&lm=2&rst=1570627359342&dlt=326&rpt=4178&isd=0&msd=0&oseid=3&xdi=0&ps=1190%2C46842&ss=800%2C600&pt=-1&bin=1&deb=1-4-4-278-140-35-576-138-0-0-0&tvt=15310&r=u&id=osdtos&vs=3&uc=138&upc=1&tgt=DIV&cl=1&cec=1&clc=1&cac=1&cd=240x200&itpl=4&v=20191007",HTTP/1.1,2001,0,,200,OK,HTTP/1.1,0,image/gif,,,793,42,,,,0,-1,-1,102,-1,0,-1,216.58.210.2,,104,value
9,,2019-10-09T16:22:58.813+03:00,GET,http://www.shutupandtakemymoney.com/wp-content/themes/arras/newstyle1.css,HTTP/1.1,964,0,,404,Not Found,HTTP/1.1,0,text/html;charset=UTF-8,,,467,-1,,,,8,0,27,4338,-1,0,0,104.24.17.117,,4374,
10,,2019-10-09T16:22:58.850+03:00,GET,"https://pagead2.googlesyndication.com/pcs/activeview?xai=AKAOjsv3gPilzCyxjFeIZ3CIcHwmF6qycOKtaoyW-PTsQW_sdGNng7CfT23tgr6kQpPwwRlsnsFNJIvyWJMkgG4U9kIP7XWPbTteWtyXp6s6M6ftrVFyGMM&sai=AMfl-YSz06NI_XVkNJOjcMUo6h-KvJEGmXPGW7iQvFvvPv40lVDTViByE3O7XyeC1wJ-Hq-UZPA1jfrNwoUq&sig=Cg0ArKJSzAtYIZ0aBR2vEAE&adk=1185311379&tt=-1&bs=779%2C600&mtos=0,0,0,0,0&tos=0,0,0,0,0&p=395,862,995,1162&mcvt=0&rs=1&ht=0&mc=0&lte=0&bas=0&bac=0&met=no&avms=nio&niot_obs=29&niot_cbk=107&md=2&lm=2&rst=1570627359547&dlt=3563&rpt=11533&isd=0&msd=0&oseid=3&xdi=0&ps=1190%2C46842&ss=800%2C600&pt=-1&bin=1&deb=1-4-4-278-140-35-576-138-0-0-0&tvt=15310&r=u&id=osdtos&vs=3&uc=70&upc=1&tgt=DIV&cl=1&cec=1&clc=1&cac=1&cd=300x600&itpl=22&v=20191007",HTTP/1.1,1974,0,,200,OK,HTTP/1.1,0,image/gif,,,793,42,,,,0,-1,-1,91,-1,0,-1,216.58.210.2,,92,value
11,,2019-10-09T16:22:58.877+03:00,GET,https://ws.sharethis.com/button/async-buttons.js,HTTP/1.1,417,0,,200,OK,HTTP/1.1,0,application/javascript,,,555,18855,,,,1,-1,-1,135,-1,0,-1,13.224.132.115,,137,
12,,2019-10-09T16:22:58.877+03:00,GET,https://www.google-analytics.com/analytics.js,HTTP/1.1,373,0,,200,OK,HTTP/1.1,0,text/javascript,,,541,17803,,,,30,-1,-1,114,-1,0,-1,172.217.22.110,,145,
13,,2019-10-09T16:22:58.885+03:00,GET,https://www.dwin2.com/init.js?t=1570627378881,HTTP/1.1,373,0,,200,OK,HTTP/1.1,0,application/javascript,,,488,100,,,,0,-1,-1,107,-1,0,-1,151.101.18.110,,108,value
14,,2019-10-09T16:22:58.901+03:00,GET,"https://pagead2.googlesyndication.com/pcs/activeview?xai=AKAOjstejlVqskqKHUMg0gq9IZQ1b7SUl7JmM_KhphGUQ6OWxH25fJqu4kZISXQW-DON_eBWsrw_zb2sNpUw2RN8NPinDdyg7Uu_LGzY2DdOZ5_6StcUp_Q&sai=AMfl-YQkmjKRAdZ3tvnvnCiXsCviV-l6MGW_0yWwQSwA2Y3pIg7VoidV08vxxAhjZpko-tF4OH1h-IAyIcTS&sig=Cg0ArKJSzAo13f_mnIYlEAE&adk=2664836855&tt=-1&bs=779%2C600&mtos=0,0,0,0,0&tos=0,0,0,0,0&p=1231,862,1481,1112&mcvt=0&rs=1&ht=0&mc=0&lte=0&bas=0&bac=0&met=no&avms=nio&niot_obs=29&niot_cbk=108&md=2&lm=2&rst=1570627359601&dlt=3521&rpt=11224&isd=0&msd=0&oseid=3&xdi=0&ps=1190%2C46842&ss=800%2C600&pt=-1&bin=1&deb=1-4-4-278-140-35-576-138-0-0-0&tvt=15310&r=u&id=osdtos&vs=3&uc=72&upc=1&tgt=DIV&cl=1&cec=1&clc=1&cac=1&cd=250x250&itpl=4&v=20191007",HTTP/1.1,1987,0,,200,OK,HTTP/1.1,0,image/gif,,,793,42,,,,0,0,145,107,115,0,0,216.58.210.2,,254,value
15,,2019-10-09T16:22:58.903+03:00,POST,https://csi.gstatic.com/csi?v=2&s=pagead&action=csi_pagead&puid=2~k1jazllf&c=861779346613&e=21064714%2C21060078&ctx=1&uet=1&met.11=1.CNONAhAC&met.1=24.qms,HTTP/1.1,587,0,,204,No Content,HTTP/1.1,0,image/gif,,,440,0,,,,0,-1,-1,191,-1,0,-1,173.194.219.94,,192,value
16,,2019-10-09T16:22:58.911+03:00,GET,"https://pagead2.googlesyndication.com/pcs/activeview?xai=AKAOjsuurftHEdR6dWhLcHhCzRfpj1tKSyVdRJw9cjrOAtUWvAIK01bmU-vATmu0bFvJn_J-SHZ1YJruomnTbkQoO1UyNT-Gl4i9GKaBDQumNHuTy8D1uos&sai=AMfl-YRn-3ksGILRAROcpweHJbsXLYPkh4gNf9yjwtNPQFP87Gu4l4OeAu9BUMFQII4YCKG7n0vZ5v7XGhyxQqnVqc-PaNdsUXGnwuQ&sig=Cg0ArKJSzL5O-AgiMAKfEAE&cid=CAASFeRob4mfam_ndjZhF2oHapatKdSo6g&adk=3428921553&tt=4642&bs=0%2C0&mtos=0,0,0,0,0&tos=0,0,0,0,0&p=0,0,0,0&gcm=1&lcs=1&mcvt=0&rs=1&ht=0&mc=0&lte=-1&bas=0&bac=0&if=1&met=no&avms=nio&niot_obs=10&niot_cbk=16&md=2&lm=2&rst=1570627359654&dlt=590&rpt=14192&isd=0&oseid=3&xdi=1&ps=-12245933%2C-12245933&ss=800%2C600&pt=4107&bin=1&deb=1-1-1-35-82-13-160-81-0-0-0&tvt=8739&is=0%2C0&iframe_loc=http%3A%2F%2Fshutupandtakemymoney.com%2Fadzonec728.html&r=u&id=osdim&vs=2&uc=82&upc=12&tgt=DIV&cl=1&cec=1&clc=1&cac=1&cd=0x0&itpl=4&v=20191007",HTTP/1.1,2067,0,,200,OK,HTTP/1.1,0,image/gif,,,793,42,,,,0,0,149,97,117,1,0,216.58.210.2,,248,value
17,,2019-10-09T16:22:58.955+03:00,GET,http://www.shutupandtakemymoney.com/wp-content/uploads/2019/06/pickle-rick-tabacco-pipe-suatmm.jpg,HTTP/1.1,1010,0,,200,OK,HTTP/1.1,0,image/jpeg,,,393,100662,,,,2633,0,23,362,-1,0,0,104.24.17.117,,3019,
18,,2019-10-09T16:22:58.958+03:00,GET,http://www.shutupandtakemymoney.com/wp-content/uploads/2019/06/dumping-light-1.jpg,HTTP/1.1,994,0,,200,OK,HTTP/1.1,0,image/jpeg,,,394,57910,,,,2431,0,26,366,-1,0,0,104.24.17.117,,2823,
19,,2019-10-09T16:22:58.959+03:00,GET,http://www.shutupandtakemymoney.com/wp-content/uploads/2019/06/the-infinity-saucelet.jpg,HTTP/1.1,1000,0,,200,OK,HTTP/1.1,0,image/jpeg,,,395,167608,,,,3862,0,25,384,-1,0,0,104.24.17.117,,4272,
20,,2019-10-09T16:22:59.002+03:00,GET,http://www.shutupandtakemymoney.com/wp-content/uploads/2019/05/insert-coin-to-play-arcade-keychain.jpg,HTTP/1.1,1014,0,,200,OK,HTTP/1.1,0,image/jpeg,,,395,61863,,,,1433,-1,-1,337,-1,0,-1,104.24.17.117,,1770,
21,,2019-10-09T16:22:59.031+03:00,GET,http://www.shutupandtakemymoney.com/wp-content/uploads/2019/05/shredder-cheese-grater.jpg,HTTP/1.1,1001,0,,200,OK,HTTP/1.1,0,image/jpeg,,,388,48703,,,,2023,0,31,364,-1,0,0,104.24.17.117,,2420,
22,,2019-10-09T16:22:59.051+03:00,POST,https://csi.gstatic.com/csi?v=2&s=pagead&action=csi_pagead&puid=2~k1jazc4p&ctx=2&gqid=M-OdXbLSA8Lk3wPwjYGwAw&qqid=CI7wp-Cmj-UCFdb3dwodGk4DZg&uet=2&met.3=118.5jk~118.5my~118.5pm~118.5su~118.5w3~118.5zk~118.62g~118.65h~118.68d~118.6bx~118.6f6~118.6i5~118.6l1~118.6oi~118.6rv~118.6vk_5~118.6yg~118.71c~118.748~118.774~118.7a0~118.7d7~118.7fz~118.7iw~118.7lt~118.7op~118.7rl~118.7ug~118.7xl~118.80l~118.83h~118.86d~118.898~118.8c5~118.8f0~118.8hv~118.8kq~118.8nn~118.8qi~118.8te~118.8wb~118.8zf~118.92o_3~118.95e~118.98b~118.9b6~118.9ew~118.9ht~118.9kp~118.9nj~118.9qf~118.9tb~118.9w6~118.9z6~118.a1y~118.a4v~118.a7s~118.aam~118.adh~118.agc~118.aj8~118.am5~118.ap2~118.arw~118.auq~118.ayw~118.b14~118.b4s~118.bau~118.bdm_1~118.bi5~118.bkr_1~118.bnq_1~118.bqp_1~118.bto_1~118.bwp_1~118.bzo_1~118.c2n_1~118.c5m_1~118.c8k_1~118.cbj_1~118.ceh_1~118.chc~118.ckc_c~118.cnb_1~118.cqb_1~118.ct7~118.cw8_1~118.cz7_1~118.d26_1~118.d58_1~118.d87~118.db7_1~118.de7~118.dh6~118.dk6~118.dn5~118.dq4~118.dt4~118.dw3~118.dz2~118.e21~118.e50~118.e7y~118.eay~118.edv~118.egu~118.ejt~118.emr~118.epp~118.eso~118.evo&met.1=24.eyu&met.7=CCgQChgBIPAiKPAiMLE3OMIUUPYiWP81YJwlaP81cII3eI2bAYABopUBiAHZhwOwAQG4AQM~CBsQARgBIME3KME3MMBKOP8S,HTTP/1.1,2582,0,,204,No Content,HTTP/1.1,0,image/gif,,,440,0,,,,0,0,326,184,309,1,0,173.194.219.94,,512,value
23,,2019-10-09T16:22:59.052+03:00,GET,https://ws.sharethis.com/button/css/buttons-secure.css,HTTP/1.1,438,0,,200,OK,HTTP/1.1,0,text/css,,,505,3851,,,,0,-1,-1,88,-1,0,-1,13.224.132.115,,88,
24,,2019-10-09T16:22:59.063+03:00,GET,"https://fonts.googleapis.com/css?family=Roboto:100,300,400,500,700,900",HTTP/1.1,413,0,,200,OK,HTTP/1.1,0,text/css; charset=utf-8,,,657,758,,,,0,0,218,95,189,0,0,172.217.23.138,,314,value
25,,2019-10-09T16:22:59.072+03:00,POST,https://csi.gstatic.com/csi?v=2&s=pagead&action=csi_pagead&puid=3~k1jazlm7&ctx=2&gqid=M-OdXbLSA8Lk3wPwjYGwAw&qqid=CI7wp-Cmj-UCFdb3dwodGk4DZg&uet=1&met.3=119.eyw_3&met.1=24.eyz,HTTP/1.1,1549,0,,204,No Content,HTTP/1.1,0,image/gif,,,440,0,,,,0,0,334,182,308,0,0,173.194.219.94,,518,value
26,,2019-10-09T16:22:59.098+03:00,POST,https://csi.gstatic.com/csi?v=2&s=pagead&action=csi_pagead&puid=2~k1jazhs2&ctx=2&gqid=M-OdXaPMGcuP3gPP4YLgAQ&qqid=CKjkveCmj-UCFZLydwodD4MA7w&uet=2&met.3=118.az7~118.b59~118.b82_2~118.bck~118.bf7~118.bi6_1~118.bl4_1~118.bo4_1~118.br5~118.bu4~118.bx3_1~118.c02_1~118.c30_1~118.c5y_1~118.c8x_1~118.cbr~118.cf2_1~118.chq_1~118.ckr_1~118.cnm~118.cqn_1~118.ctm_1~118.cwl_1~118.czo_1~118.d2m~118.d5n_1~118.d8n_1~118.dbl_1~118.del_1~118.dhk~118.dkk~118.dnj~118.dqi_1~118.dti_1~118.dwh_1~118.dzf_1~118.e2e_1~118.e5d_1~118.e8b~118.eb9~118.ee8_1~118.eh6_1~118.ek4_1~118.en3_1~118.eq3_1&met.1=24.eto&met.7=CCgQChgBILVuKLVuMLVuaLVucLVugAGilQGIAdmHA7ABAbgBAQ~CBsQARgBIJFvKJFvMNlwOMgB,HTTP/1.1,2015,0,,204,No Content,HTTP/1.1,0,image/gif,,,440,0,,,,0,-1,-1,195,-1,1,-1,173.194.219.94,,196,value
27,,2019-10-09T16:22:59.100+03:00,POST,https://csi.gstatic.com/csi?v=2&s=pagead&action=csi_pagead&puid=3~k1jazlmm&ctx=2&gqid=M-OdXaPMGcuP3gPP4YLgAQ&qqid=CKjkveCmj-UCFZLydwodD4MA7w&uet=1&met.3=119.etp_1&met.1=24.etq&met.7=CBsQARgBIJFvKJFvMNlwOMgB,HTTP/1.1,1552,0,,204,No Content,HTTP/1.1,0,image/gif,,,440,0,,,,0,0,347,195,318,0,0,173.194.219.94,,544,value
28,,2019-10-09T16:22:59.110+03:00,POST,https://csi.gstatic.com/csi?v=2&s=pagead&action=csi_pagead&puid=2~k1jazfrk&ctx=2&gqid=M-OdXb_NGo2Q3wOSr61g&qqid=CPLsvuCmj-UCFU8FiwodiZMAJg&uet=2&met.3=118.8z1~118.91y~118.94t~118.98k~118.9bh~118.9ed~118.9h7~118.9k2~118.9mz~118.9pu~118.9su~118.9vl~118.9yi~118.a1g~118.a49~118.a75~118.a9z~118.acv~118.afs~118.aiq~118.alj~118.aoe~118.asj~118.aur~118.ayf~118.b4i~118.b7c_1~118.bbt~118.beg_1~118.bhf_1~118.bkd_1~118.bnd_1~118.bqd_1~118.btd_1~118.bwc_1~118.bza_1~118.c29_1~118.c57_1~118.c86_2~118.cb0~118.ceb_1~118.cgz_1~118.cjz_1~118.cmv~118.cpw_1~118.csv_1~118.cvu_1~118.cyx_1~118.d1v_1~118.d4w~118.d7w_1~118.dau~118.ddu_1~118.dgt~118.djs~118.dms_1~118.dpr_1~118.dsq_1~118.dvq_1~118.dyo_1~118.e1m_1~118.e4m_1~118.e7j~118.eai_1~118.edh_1~118.egf~118.ejd_1~118.emc_1~118.epc_1&met.1=24.et3&met.7=CBsQARgBIMNaKMNaMLtfOPgE,HTTP/1.1,2172,0,,204,No Content,HTTP/1.1,0,image/gif,,,440,0,,,,0,0,355,194,317,0,0,173.194.219.94,,550,value
29,,2019-10-09T16:22:59.129+03:00,GET,https://www.google-analytics.com/collect?v=1&_v=j79&a=826286734&t=pageview&_s=1&dl=http%3A%2F%2Fwww.shutupandtakemymoney.com%2F&ul=en-us&de=UTF-8&dt=Shut%20Up%20And%20Take%20My%20Money%20-%20Cool%20Gadgets%20and%20Geeky%20Products&sd=24-bit&sr=800x600&vp=800x600&je=0&_u=AACAAEAB~&jid=&gjid=&cid=1108687430.1570627332&tid=UA-122981820-1&_gid=28789655.1570627332&z=2079174736,HTTP/1.1,738,0,,200,OK,HTTP/1.1,0,image/gif,,,480,35,,,,0,-1,-1,81,-1,0,-1,172.217.22.110,,82,value
30,,2019-10-09T16:22:59.137+03:00,POST,https://csi.gstatic.com/csi?v=2&s=pagead&action=csi_pagead&puid=3~k1jazlmt&ctx=2&gqid=M-OdXb_NGo2Q3wOSr61g&qqid=CPLsvuCmj-UCFU8FiwodiZMAJg&uet=1&met.3=119.et4_1&met.1=24.et5&met.7=CBsQARgBIMNaKMNaMLtfOPgE,HTTP/1.1,1562,0,,204,No Content,HTTP/1.1,0,image/gif,,,440,0,,,,0,0,394,181,355,0,0,173.194.219.94,,576,value
31,,2019-10-09T16:22:59.137+03:00,GET,https://connect.facebook.net/en_US/all.js,HTTP/1.1,344,0,,200,OK,HTTP/1.1,0,application/x-javascript; charset=utf-8,,,804,1781,,,,1,0,194,84,164,0,26,157.240.1.23,,306,
32,,2019-10-09T16:22:59.240+03:00,GET,https://load.sumo.com/76.b673d503a425732f6368.js,HTTP/1.1,376,0,,200,OK,HTTP/1.1,0,text/javascript,,,886,44057,,,,165,0,250,105,218,0,65,89.187.169.79,,588,
33,,2019-10-09T16:22:59.245+03:00,GET,https://load.sumo.com/78.b673d503a425732f6368.js,HTTP/1.1,376,0,,200,OK,HTTP/1.1,0,text/javascript,,,886,101903,,,,282,0,256,100,223,0,65,89.187.169.79,,705,
34,,2019-10-09T16:22:59.256+03:00,GET,https://c.sharethis.mgr.consensu.org/portal.html,HTTP/1.1,529,0,,200,OK,HTTP/1.1,0,text/html; charset=utf-8,,,586,4765,,,,3,0,313,92,284,0,20,13.225.249.7,,431,
35,,2019-10-09T16:22:59.323+03:00,GET,https://plugin.monotote.com/plugin.min.js?1570627379001,HTTP/1.1,383,0,,200,OK,HTTP/1.1,0,application/javascript,,,921,3936,,,,1,0,293,86,259,0,0,13.225.249.47,,382,value
36,,2019-10-09T16:22:59.432+03:00,GET,https://connect.facebook.net/en_US/all.js?hash=4c93df1a4fa0391393427459c0ad957c&ua=modern_es6,HTTP/1.1,463,0,,200,OK,HTTP/1.1,0,application/x-javascript; charset=utf-8,,,819,56392,,,,125,0,183,89,161,0,0,157.240.1.23,,398,value
37,,2019-10-09T16:22:59.780+03:00,GET,https://l.sharethis.com/pview?event=pview&version=buttons.js&lang=en&fpc=46d1173-16db0af0f95-654b2fb1-5&sessionID=1570627378869.65974&hostname=www.shutupandtakemymoney.com&location=%2F&product=widget&stid=&fcmp=false&publisher=wp.8cc0e660-f6fa-41ba-b476-dff972973c41&refDomain=&refQuery=&consentDomain=.consensu.org&url=http%3A%2F%2Fwww.shutupandtakemymoney.com%2F&sharURL=&buttonType=ERROR&destination=ERROR&source=ERROR&title=Shut%20Up%20And%20Take%20My%20Money%20-%20Cool%20Gadgets%20and%20Geeky%20Products&ts1570627378870.0=&sop=false,HTTP/1.1,949,0,,200,OK,HTTP/1.1,0,text/plain; charset=utf-8,,,469,51,,,,0,0,345,104,309,0,63,18.196.132.129,,514,value
38,,2019-10-09T16:23:00.085+03:00,GET,https://staticxx.facebook.com/connect/xd_arbiter.php?version=44,HTTP/1.1,544,0,,200,OK,HTTP/1.1,0,text/html; charset=utf-8,,,515,11744,,,,7,0,339,96,312,0,31,157.240.1.23,,476,value
39,,2019-10-09T16:23:00.256+03:00,GET,https://t.sharethis.com/1/d/t.dhj?rnd=1570627379894&cid=c010&dmn=www.shutupandtakemymoney.com,HTTP/1.1,462,0,,200,OK,HTTP/1.1,0,application/javascript,,,466,957,,,,0,0,317,96,260,0,35,104.82.118.155,,449,value
40,,2019-10-09T16:23:00.405+03:00,GET,http://t.sharethis.com/d/a.gif?aqet=priv_block_3pcookie&r=1570627380402&cid=c010,HTTP/1.1,436,0,,204,No Content,HTTP/1.1,0,,,,227,0,,,,0,0,25,170,-1,0,0,104.82.118.155,,197,value
41,,2019-10-09T16:23:00.782+03:00,GET,http://www.shutupandtakemymoney.com/wp-content/uploads/2018/10/laughing-face.png,HTTP/1.1,992,0,,200,OK,HTTP/1.1,0,image/png,,,388,19853,,,,23,-1,-1,99,-1,0,-1,104.24.17.117,,122,
42,,2019-10-09T16:23:00.914+03:00,GET,http://www.shutupandtakemymoney.com/wp-content/plugins/wpfront-scroll-top/images/icons/1.png,HTTP/1.1,1004,0,,200,OK,HTTP/1.1,0,image/png,,,386,1669,,,,1,-1,-1,89,-1,0,-1,104.24.17.117,,92,
43,,2019-10-09T16:23:02.704+03:00,POST,http://sumo.com/api/load/,HTTP/1.1,531,203,,200,OK,HTTP/1.1,0,application/json; charset=utf-8,,,528,769,,,,0,0,25,411,-1,1,92,52.34.133.113,,531,
44,,2019-10-09T16:23:03.210+03:00,GET,https://www.facebook.com/plugins/like.php?href=http%3A%2F%2Fwww.facebook.com%2Fpages%2FShutUpAndTakeMyMoney%2F305843856151075%3Fbookmark_t%3Dpage&send=false&layout=button_count&width=90&show_faces=true&action=like&colorscheme=light&font&height=21&appId=194965570598454,HTTP/1.1,716,0,,200,OK,HTTP/1.1,0,"text/html; charset=""utf-8""",,,1156,12267,,,,4,-1,-1,162,-1,1,-1,31.13.92.36,,168,value
45,,2019-10-09T16:23:03.229+03:00,GET,http://www.shutupandtakemymoney.com/wp-content/themes/arras/images/feed-title-white.jpg,HTTP/1.1,1045,0,,200,OK,HTTP/1.1,0,image/jpeg,,,381,400,,,,0,-1,-1,111,-1,0,-1,104.24.17.117,,112,
46,,2019-10-09T16:23:03.303+03:00,POST,http://sumo.com/services,HTTP/1.1,530,783,,200,OK,HTTP/1.1,0,application/json; charset=utf-8,,,625,869,,,,0,-1,-1,265,-1,0,-1,52.34.133.113,,266,
47,,2019-10-09T16:23:03.464+03:00,GET,http://www.shutupandtakemymoney.com/wp-content/uploads/2018/08/arrow.png,HTTP/1.1,1020,0,,200,OK,HTTP/1.1,0,image/png,,,385,209,,,,0,-1,-1,88,-1,0,-1,104.24.17.117,,88,
48,,2019-10-09T16:23:03.503+03:00,GET,http://www.shutupandtakemymoney.com/wp-content/plugins/cudazi-scroll-to-top/images/scroll.png,HTTP/1.1,1096,0,,200,OK,HTTP/1.1,0,image/png,,,386,7148,,,,1,0,29,129,-1,0,0,104.24.17.117,,160,
49,,2019-10-09T16:23:03.549+03:00,GET,https://pagead2.googlesyndication.com/pagead/js/r20191003/r20190131/show_ads_impl.js,HTTP/1.1,412,0,,200,OK,HTTP/1.1,0,text/javascript; charset=UTF-8,,,896,87368,,,,152,0,216,109,171,0,0,216.58.210.2,,478,
50,,2019-10-09T16:23:03.588+03:00,GET,http://www.shutupandtakemymoney.com/cart?wc-ajax=get_cart_totals,HTTP/1.1,1006,0,,200,OK,HTTP/1.1,0,text/html;charset=UTF-8,,,439,351,,,,0,-1,-1,2024,-1,0,-1,104.24.17.117,,2024,value
51,,2019-10-09T16:23:03.671+03:00,GET,https://adservice.google.co.il/adsid/integrator.js?domain=www.shutupandtakemymoney.com,HTTP/1.1,414,0,,200,OK,HTTP/1.1,0,application/javascript; charset=UTF-8,,,805,104,,,,2,0,342,101,323,0,0,172.217.22.2,,448,value
52,,2019-10-09T16:23:03.691+03:00,GET,https://adservice.google.com/adsid/integrator.js?domain=www.shutupandtakemymoney.com,HTTP/1.1,412,0,,200,OK,HTTP/1.1,0,application/javascript; charset=UTF-8,,,805,104,,,,0,0,361,94,323,0,0,172.217.22.66,,456,value
53,,2019-10-09T16:23:03.718+03:00,GET,https://googleads.g.doubleclick.net/pagead/html/r20191003/r20190131/zrt_lookup.html,HTTP/1.1,656,0,,200,OK,HTTP/1.1,0,text/html; charset=UTF-8,,,895,7402,,,,8,0,346,93,315,0,0,172.217.22.2,,448,
54,,2019-10-09T16:23:03.766+03:00,GET,http://www.shutupandtakemymoney.com/wp-includes/js/thickbox/loadingAnimation.gif,HTTP/1.1,992,0,,200,OK,HTTP/1.1,0,image/gif,,,388,15238,,,,32,-1,-1,105,-1,0,-1,104.24.17.117,,137,
55,,2019-10-09T16:23:03.817+03:00,GET,https://pagead2.googlesyndication.com/pagead/js/r20191003/r20190131/show_ads_impl.js,HTTP/1.1,412,0,,200,OK,HTTP/1.1,0,text/javascript; charset=UTF-8,,,896,87368,,,,53,-1,-1,104,-1,0,-1,216.58.210.2,,157,
56,,2019-10-09T16:23:03.867+03:00,GET,https://static.xx.fbcdn.net/rsrc.php/v3ivXU4/yL/l/he_IL/9IF8TchcgsZ.js?_nc_x=Ij3Wp8lg5Kz,HTTP/1.1,436,0,,200,OK,HTTP/1.1,0,application/x-javascript; charset=utf-8,,,598,124295,,,,167,0,339,102,312,0,33,157.240.1.23,,643,value
57,,2019-10-09T16:23:03.931+03:00,GET,https://api.monotote.com/v1/find-publisher/awin/249257,HTTP/1.1,424,0,,200,OK,HTTP/1.1,0,application/json,,,700,132,,,,0,0,165,110,123,0,0,37.139.15.252,,276,
58,,2019-10-09T16:23:03.943+03:00,GET,https://api.privy.com/businesses/ACBC6F6D913531325C3A4FC3/campaigns.json?l=http%3A%2F%2Fwww.shutupandtakemymoney.com%2F&s=j&fence=1&user_uuid=914aaa2e-6f66-4875-8972-de5ebbe65076,HTTP/1.1,591,0,,200,OK,HTTP/1.1,0,application/json; charset=utf-8,,,932,43,,,,0,0,341,181,319,0,0,104.25.96.17,,524,value
59,,2019-10-09T16:23:03.944+03:00,GET,https://privymktg.com/collect?v=1&cid=914aaa2e-6f66-4875-8972-de5ebbe65076&cd1=ACBC6F6D913531325C3A4FC3&tid=UA-20331028-1&t=pageview&ci=ACBC6F6D913531325C3A4FC3&cm=web&cn=ACBC6F6D913531325C3A4FC3&ec=widget&dl=http%3A%2F%2Fwww.shutupandtakemymoney.com%2F&dt=Shut%20Up%20And%20Take%20My%20Money%20-%20Cool%20Gadgets%20and%20Geeky%20Products&ul=en-US&z=5229826801347341,HTTP/1.1,730,0,,302,Moved Temporarily,HTTP/1.1,0,,,https://google-analytics.com/collect?v=1&cid=914aaa2e-6f66-4875-8972-de5ebbe65076&cd1=ACBC6F6D913531325C3A4FC3&tid=UA-20331028-1&t=pageview&ci=ACBC6F6D913531325C3A4FC3&cm=web&cn=ACBC6F6D913531325C3A4FC3&ec=widget&dl=http%3A%2F%2Fwww.shutupandtakemymoney.com%2F&dt=Shut%20Up%20And%20Take%20My%20Money%20-%20Cool%20Gadgets%20and%20Geeky%20Products&ul=en-US&z=5229826801347341,822,0,,,,0,0,336,95,318,0,0,104.28.22.64,,433,value
60,,2019-10-09T16:23:03.958+03:00,GET,https://load.sumo.com/6.b673d503a425732f6368.js,HTTP/1.1,375,0,,200,OK,HTTP/1.1,0,text/javascript,,,886,2520,,,,49,-1,-1,115,-1,0,-1,89.187.169.79,,165,
61,,2019-10-09T16:23:03.961+03:00,GET,https://load.sumo.com/68.b673d503a425732f6368.js,HTTP/1.1,376,0,,200,OK,HTTP/1.1,0,text/javascript,,,886,631,,,,27,-1,-1,155,-1,0,-1,89.187.169.79,,183,
62,,2019-10-09T16:23:04.114+03:00,GET,https://api.monotote.com/v1/settings?api-key=2y10b1g3qectrvfluj4rtkhitoeojubg9iyr4mh9mainmnwknfeanf4e,HTTP/1.1,471,0,,200,OK,HTTP/1.1,0,application/json,,,739,3092,,,,0,-1,-1,111,-1,0,-1,37.139.15.252,,112,value
63,,2019-10-09T16:23:04.155+03:00,GET,https://googleads.g.doubleclick.net/pagead/ads?client=ca-pub-9681251452496384&output=html&h=200&twa=1&slotname=6443867551&adk=2057880241&adf=338576669&w=350&fwrn=4&fwrnh=100&lmt=1570627384&guci=2.2.0.0.2.2.0.0&format=350x200&url=http%3A%2F%2Fwww.shutupandtakemymoney.com%2F&flash=0&fwr=0&rh=200&rw=350&wgl=1&adsid=NT&dt=1570627383327&bpp=41&bdt=4540&fdt=800&idt=800&shv=r20191003&cbv=r20190131&saldr=aa&abxe=1&correlator=16516205257&frm=20&pv=2&ga_vid=1108687430.1570627332&ga_sid=1570627384&ga_hid=826286734&ga_fc=0&iag=0&icsg=3025855999639536&dssz=121&mdo=0&mso=0&u_tz=180&u_his=2&u_java=0&u_h=600&u_w=800&u_ah=600&u_aw=800&u_cd=24&u_nplug=0&u_nmime=0&adx=428&ady=10783&biw=779&bih=600&scr_x=0&scr_y=0&oid=3&pvsid=3548793711647712&pem=474&rx=0&eae=0&fc=912&brdim=0%2C0%2C0%2C0%2C800%2C0%2C800%2C600%2C800%2C600&vis=1&rsz=%7C%7CpoeEbr%7C&abl=CS&pfx=0&fu=1040&bc=23&ifi=1&uci=1.2xd5ya1hropv&xpc=yeYrRtXqDp&p=http%3A//www.shutupandtakemymoney.com&dtd=823,HTTP/1.1,1526,0,,200,OK,HTTP/1.1,0,text/html; charset=UTF-8,,,751,20243,,,,32,-1,-1,321,-1,0,-1,172.217.22.2,,355,value
64,,2019-10-09T16:23:04.159+03:00,GET,https://www.googletagservices.com/activeview/js/current/osd.js?cb=%2Fr20100101,HTTP/1.1,406,0,,200,OK,HTTP/1.1,0,text/javascript,,,708,29093,,,,28,-1,-1,95,-1,0,-1,216.58.210.2,,124,value
65,,2019-10-09T16:23:04.165+03:00,GET,http://cas.criteo.com/delivery/ajs.php?zoneid=287315&nodis=1&cb=31946166168&exclude=undefined&charset=windows-1252&loc=http%3A//shutupandtakemymoney.com/adzonec728.html,HTTP/1.1,566,0,,200,OK,HTTP/1.1,0,text/javascript;charset=utf-8,,,615,1065,,,,0,0,18,131,-1,0,0,178.250.0.145,,151,value
66,,2019-10-09T16:23:04.185+03:00,GET,https://static.xx.fbcdn.net/rsrc.php/v3ivXU4/yL/l/he_IL/9IF8TchcgsZ.js?_nc_x=Ij3Wp8lg5Kz,HTTP/1.1,405,0,,200,OK,HTTP/1.1,0,application/x-javascript; charset=utf-8,,,597,124295,,,,129,0,202,84,180,0,0,157.240.1.23,,417,value
67,,2019-10-09T16:23:04.192+03:00,GET,https://load.sumo.com/0.b673d503a425732f6368.js,HTTP/1.1,375,0,,200,OK,HTTP/1.1,0,text/javascript,,,886,2481,,,,100,-1,-1,114,-1,0,-1,89.187.169.79,,215,
68,,2019-10-09T16:23:04.193+03:00,GET,https://load.sumo.com/1.b673d503a425732f6368.js,HTTP/1.1,375,0,,200,OK,HTTP/1.1,0,text/javascript,,,886,1060,,,,31,-1,-1,128,-1,0,-1,89.187.169.79,,160,
69,,2019-10-09T16:23:04.354+03:00,GET,https://googleads.g.doubleclick.net/pagead/ads?client=ca-pub-9681251452496384&output=html&h=600&slotname=3520588631&adk=1185311379&adf=4019781506&w=300&lmt=1570627384&guci=2.2.0.0.2.2.0.0&format=300x600&url=http%3A%2F%2Fwww.shutupandtakemymoney.com%2F&flash=0&wgl=1&adsid=NT&dt=1570627383453&bpp=6&bdt=4666&fdt=749&idt=750&shv=r20191003&cbv=r20190131&saldr=aa&abxe=1&prev_fmts=350x200&correlator=16516205257&frm=20&pv=1&ga_vid=1108687430.1570627332&ga_sid=1570627384&ga_hid=826286734&ga_fc=0&iag=0&icsg=3025855999639536&dssz=128&mdo=0&mso=0&u_tz=180&u_his=2&u_java=0&u_h=600&u_w=800&u_ah=600&u_aw=800&u_cd=24&u_nplug=0&u_nmime=0&adx=862&ady=395&biw=779&bih=600&scr_x=0&scr_y=0&oid=3&pvsid=3548793711647712&pem=474&rx=0&eae=0&fc=912&brdim=0%2C0%2C0%2C0%2C800%2C0%2C800%2C600%2C800%2C600&vis=1&rsz=%7C%7CleE%7C&abl=CS&pfx=0&fu=1040&bc=23&ifi=5&uci=5.qkh5s431z5e0&xpc=K9IKYRihGN&p=http%3A//www.shutupandtakemymoney.com&dtd=754,HTTP/1.1,1496,0,,200,OK,HTTP/1.1,0,text/html; charset=UTF-8,,,751,20313,,,,60,0,139,425,121,0,0,172.217.22.2,,626,value
70,,2019-10-09T16:23:04.356+03:00,GET,https://load.sumo.com/2.b673d503a425732f6368.js,HTTP/1.1,375,0,,200,OK,HTTP/1.1,0,text/javascript,,,886,1218,,,,49,-1,-1,101,-1,0,-1,89.187.169.79,,151,
71,,2019-10-09T16:23:04.364+03:00,GET,https://load.sumo.com/3.b673d503a425732f6368.js,HTTP/1.1,375,0,,200,OK,HTTP/1.1,0,text/javascript,,,886,1608,,,,73,0,167,93,138,0,0,89.187.169.79,,334,
72,,2019-10-09T16:23:04.365+03:00,GET,https://load.sumo.com/14.b673d503a425732f6368.js,HTTP/1.1,376,0,,200,OK,HTTP/1.1,0,text/javascript,,,886,131469,,,,252,0,168,102,141,0,0,89.187.169.79,,523,
73,,2019-10-09T16:23:04.368+03:00,GET,https://load.sumo.com/18.b673d503a425732f6368.js,HTTP/1.1,376,0,,200,OK,HTTP/1.1,0,text/javascript,,,886,53031,,,,202,0,171,98,144,0,0,89.187.169.79,,472,
74,,2019-10-09T16:23:04.397+03:00,GET,https://googleads.g.doubleclick.net/pagead/ads?client=ca-pub-9681251452496384&output=html&h=250&slotname=9320971652&adk=2664836855&adf=276876987&w=250&lmt=1570627384&guci=2.2.0.0.2.2.0.0&format=250x250&url=http%3A%2F%2Fwww.shutupandtakemymoney.com%2F&flash=0&wgl=1&adsid=NT&dt=1570627383467&bpp=7&bdt=4680&fdt=760&idt=760&shv=r20191003&cbv=r20190131&saldr=aa&abxe=1&prev_fmts=350x200%2C300x600&correlator=16516205257&frm=20&pv=1&ga_vid=1108687430.1570627332&ga_sid=1570627384&ga_hid=826286734&ga_fc=0&iag=0&icsg=3025855999639536&dssz=128&mdo=0&mso=0&u_tz=180&u_his=2&u_java=0&u_h=600&u_w=800&u_ah=600&u_aw=800&u_cd=24&u_nplug=0&u_nmime=0&adx=862&ady=1231&biw=779&bih=600&scr_x=0&scr_y=0&oid=3&pvsid=3548793711647712&pem=474&rx=0&eae=0&fc=912&brdim=0%2C0%2C0%2C0%2C800%2C0%2C800%2C600%2C800%2C600&vis=1&rsz=%7C%7CleEbr%7C&abl=CS&pfx=0&fu=1040&bc=23&ifi=6&uci=6.1tx1d4ugrow0&xpc=aSmFwpnnH9&p=http%3A//www.shutupandtakemymoney.com&dtd=766,HTTP/1.1,1508,0,,200,OK,HTTP/1.1,0,text/html; charset=UTF-8,,,751,23336,,,,59,0,157,477,115,0,0,172.217.22.2,,695,value
75,,2019-10-09T16:23:04.423+03:00,GET,http://cat.fr.eu.criteo.com/delivery/lg.php?cppv=3&cpp=yT1XX6aM8sb8oUSi3w8JfFoZBMOFasZl3g1eyVwVy_mczem-G7NiNMmXN3HCYo1h8T2NWwMcFuDhpC6Q-sLmQp3QECqolmu_CWiHbPQAV9QZ2rn9om0k-aFPUkZIPNd16-MVZG_7WP3eEn-Da6qtxxIx7zWIECKvru4A_WvxYKjX4uwMTwWJvA1XhjoLYB6S39h9noF4Bl4EMtZGTagqoa4Cqjif8mJsAzBPlybw-Zw9p1SfObpbHA7fIhfCIFbo81DoZQ,HTTP/1.1,755,0,,200,OK,HTTP/1.1,0,image/gif,,,238,43,,,,0,0,27,132,-1,0,0,178.250.0.160,,161,value
76,,2019-10-09T16:23:04.454+03:00,GET,https://google-analytics.com/collect?v=1&cid=914aaa2e-6f66-4875-8972-de5ebbe65076&cd1=ACBC6F6D913531325C3A4FC3&tid=UA-20331028-1&t=pageview&ci=ACBC6F6D913531325C3A4FC3&cm=web&cn=ACBC6F6D913531325C3A4FC3&ec=widget&dl=http%3A%2F%2Fwww.shutupandtakemymoney.com%2F&dt=Shut%20Up%20And%20Take%20My%20Money%20-%20Cool%20Gadgets%20and%20Geeky%20Products&ul=en-US&z=5229826801347341,HTTP/1.1,737,0,,200,OK,HTTP/1.1,0,image/gif,,,478,35,,,,0,0,337,90,314,0,0,172.217.23.132,,428,value
77,,2019-10-09T16:23:04.456+03:00,GET,https://googleads.g.doubleclick.net/pagead/ads?client=ca-pub-9681251452496384&output=html&adk=1812271804&adf=3025194257&lmt=1570627384&plat=1%3A8%2C2%3A8%2C8%3A8%2C9%3A32776%2C16%3A8388608%2C30%3A1048576&guci=2.2.0.0.2.2.0.0&format=0x0&url=http%3A%2F%2Fwww.shutupandtakemymoney.com%2F&ea=0&flash=0&pra=7&wgl=1&adsid=NT&dt=1570627383847&bpp=16&bdt=5060&fdt=400&idt=400&shv=r20191003&cbv=r20190131&saldr=aa&abxe=1&prev_fmts=350x200%2C300x600%2C250x250&nras=1&correlator=16516205257&frm=20&pv=1&ga_vid=1108687430.1570627332&ga_sid=1570627384&ga_hid=826286734&ga_fc=0&iag=0&icsg=3025855999639536&dssz=129&mdo=0&mso=0&u_tz=180&u_his=2&u_java=0&u_h=600&u_w=800&u_ah=600&u_aw=800&u_cd=24&u_nplug=0&u_nmime=0&adx=-12245933&ady=-12245933&biw=779&bih=600&scr_x=0&scr_y=0&oid=3&pvsid=3548793711647712&pem=474&rx=0&eae=2&fc=912&brdim=0%2C0%2C0%2C0%2C800%2C0%2C800%2C600%2C800%2C600&vis=1&rsz=%7C%7Cs%7C&abl=NS&fu=1040&bc=23&ifi=6&uci=6.8sye6ggzx2ed&dtd=407,HTTP/1.1,1517,0,,200,OK,HTTP/1.1,0,text/html; charset=UTF-8,,,725,0,,,,0,0,191,97,162,0,0,172.217.22.2,,290,value
78,,2019-10-09T16:23:04.509+03:00,GET,https://api.monotote.com/v1/translations/en?api-key=2y10b1g3qectrvfluj4rtkhitoeojubg9iyr4mh9mainmnwknfeanf4e,HTTP/1.1,478,0,,200,OK,HTTP/1.1,0,application/json,,,698,111400,,,,131,0,237,200,199,0,0,37.139.15.252,,570,value
79,,2019-10-09T16:23:04.517+03:00,GET,https://tpc.googlesyndication.com/simgad/11568178201819946293?sqp=4sqPyQQ_Qj0qNQhfEAEdAAC0QiABKAEwCTgDQPCTCUgAWAFgX3ACnQEAAIA_qAEBsAGAreIEuAFfxQEtsp0-OPCTCVAB&rs=AOga4qmuaWgxus57ft2ECqU10-2n2V813Q,HTTP/1.1,1477,0,,200,OK,HTTP/1.1,0,image/jpeg,,,519,43752,,,,73,-1,-1,84,-1,0,-1,172.217.16.129,,158,value
80,,2019-10-09T16:23:04.550+03:00,GET,https://www.google.com/ads/measurement/l?ebcid=ALh7CaQheYrfN5GDPbaCIlxOYATnLKgyDXWcCVWgO3YD1jLVj90KMOEzob6LdxpHqVhZyNcSjHtxAWuPaTFfhHuziXSlXNy18A,HTTP/1.1,1426,0,,204,No Content,HTTP/1.1,0,text/html; charset=UTF-8,,,366,0,,,,0,-1,-1,107,-1,0,-1,216.58.205.228,,108,value
81,,2019-10-09T16:23:04.558+03:00,GET,https://googleads.g.doubleclick.net/pagead/adview?ai=Cs45IS-OdXaH0Ndmv3gOA4rvQBP32qN9Y9omMgukJoeWwuMAXEAEg-szjFGD5uvSDnBCgAdzj9vUCyAECqQKoY5VuYSmTPqgDAcgDyQSqBMwBT9D5kO2ouVodn-jn8zl-I3LcOgii38ePXURQl8hOpef8wDIWoq_2aDDDTDSpZ5IgGK8CYSlGKf2Vu2Pg6KvGI6fmHTrzy91zN19A1IryEMqG5jxJUd9y_d9yejLO7sXTl-dTnB52lx4KImCsNcGMa3YfUf-8ZFVmDXw6AXw9LVbdVIV_BtD6T2QJCyhgGH3-FhX0e2IsIB7bIfIM2VnaP0G_En03Epaw52JpuW_Z7huhll_Bin_MJpU-9qrAwVzkelGDXcXHsZxKiGYGwATUyMTmjwKSBQQIBBgBkgUECAUYBJIFBAgFGBiSBQUIBRioAaAGAoAHjJyJigGoB47OG6gH1ckbqAfB0xuoB4XUG6gHgdQbqAeC1BuoB4bUG6gHhNQbqAeT2BuoB-DTG6gHugaoB9nLG6gHz8wbqAemvhvYBwHyBwQQmrQE0ggHCIBhEAEYHoAKAdgTDA&sigh=8_EFm48P4UM&tpd=AGWhJmtExu_MzhvbzVril3mK_WfFCu2Etw0HtsVrSn3rdRj4Lg,HTTP/1.1,2034,0,,200,OK,HTTP/1.1,0,text/html; charset=UTF-8,,,788,0,,,,0,-1,-1,110,-1,0,-1,172.217.22.2,,111,value
82,,2019-10-09T16:23:04.750+03:00,GET,https://pagead2.googlesyndication.com/pagead/s/cookie_push.html,HTTP/1.1,1461,0,,200,OK,HTTP/1.1,0,text/html; charset=UTF-8,,,842,652,,,,0,0,259,89,234,0,0,216.58.210.2,,350,
83,,2019-10-09T16:23:04.777+03:00,GET,https://pagead2.googlesyndication.com/pagead/js/r20191003/r20190131/show_ads_impl.js,HTTP/1.1,423,0,,200,OK,HTTP/1.1,0,text/javascript; charset=UTF-8,,,896,87368,,,,151,0,240,116,214,0,0,216.58.210.2,,508,
84,,2019-10-09T16:23:04.809+03:00,GET,https://adservice.google.co.il/adsid/integrator.js?domain=shutupandtakemymoney.com,HTTP/1.1,421,0,,200,OK,HTTP/1.1,0,application/javascript; charset=UTF-8,,,805,104,,,,0,0,323,96,299,0,0,172.217.22.2,,420,value
85,,2019-10-09T16:23:04.812+03:00,GET,https://adservice.google.com/adsid/integrator.js?domain=shutupandtakemymoney.com,HTTP/1.1,419,0,,200,OK,HTTP/1.1,0,application/javascript; charset=UTF-8,,,805,104,,,,0,0,323,93,296,0,0,172.217.22.66,,418,value
86,,2019-10-09T16:23:05.017+03:00,GET,http://graph.facebook.com/?id=http%3A%2F%2Fwww.shutupandtakemymoney.com%2F&callback=jQuery110206931140269253078_1570627379657&_=1570627379658,HTTP/1.1,444,0,,200,OK,HTTP/1.1,0,text/javascript;charset=UTF-8,,,636,100,,,,0,0,25,162,-1,0,0,157.240.1.18,,188,value
87,,2019-10-09T16:23:05.019+03:00,GET,http://api.facebook.com/method/links.getStats?urls=http%3A%2F%2Fwww.shutupandtakemymoney.com%2F&format=json&callback=jQuery110206931140269253078_1570627379659&_=1570627379660,HTTP/1.1,475,0,,200,OK,HTTP/1.1,0,text/javascript;charset=utf-8,,,569,263,,,,0,0,27,150,-1,0,0,157.240.1.18,,178,value
88,,2019-10-09T16:23:05.028+03:00,GET,https://tpc.googlesyndication.com/daca_images/simgad/363648259153288426,HTTP/1.1,1322,0,,200,OK,HTTP/1.1,0,image/png,,,548,74858,,,,59,-1,-1,85,-1,0,-1,172.217.16.129,,146,
89,,2019-10-09T16:23:05.036+03:00,GET,https://googleads.g.doubleclick.net/pagead/adview?ai=C0rKoTOOdXcGQBdTs3wPLhpyYA_32qN9YqPyVmuEJoeWwuMAXEAEg-szjFGD5uvSDnBCgAdzj9vUCyAECqQKoY5VuYSmTPqgDAcgDyQSqBNABT9B1j2bY8azCfYc9D23qcOtH-WMT6EPzc_D59gqVH_YV-5Mrk_IgZ8g0vaP5JeDBJ6N9TTjmSXVFLh54eUME_YRZdLN2Pn-hK19JsCNmHRR4rrdmnlHs4YGguxKd4p5G9mn_CluUlNYWBLLFRrRGad0jQgrdEW1nn_T3xvPUPfS8kkbMefcq4I8g4--yDkvAaII9BEH2KXPYg5Bfu_ZkCJyHmFo-l5ZWgO4yE2VSKapWrxrnSw5MLNOEmKhGamCnJLySD5aLhaIPWWUkm33EisAE1MjE5o8CkgUECAQYAZIFBAgFGASSBQQIBRgYkgUFCAUYqAGgBgKAB4yciYoBqAeOzhuoB9XJG6gHwdMbqAeF1BuoB4HUG6gHgtQbqAeG1BuoB4TUG6gHk9gbqAfg0xuoB7oGqAfZyxuoB8_MG6gHpr4b2AcB8gcEELehD9IIBwiAYRABGB6ACgHYEww&sigh=xa3ffa2FeB0&tpd=AGWhJmu2uf1zzRwvHuV2VI0FV6wNDzVSOQCXDZQDFTE31rE2Kw,HTTP/1.1,2009,0,,200,OK,HTTP/1.1,0,text/html; charset=UTF-8,,,788,0,,,,0,-1,-1,96,-1,0,-1,172.217.22.2,,96,value
90,,2019-10-09T16:23:05.082+03:00,GET,https://ws.sharethis.com/secure5x/index.html,HTTP/1.1,566,0,,200,OK,HTTP/1.1,0,text/html,,,509,4081,,,,1,-1,-1,82,-1,0,-1,13.224.132.115,,84,
91,,2019-10-09T16:23:05.147+03:00,GET,https://googleads.g.doubleclick.net/pagead/ads?client=ca-pub-9681251452496384&output=html&h=90&slotname=3272316759&adk=3428921553&adf=2751417936&w=728&guci=2.2.0.0.2.2.0.0&format=728x90&url=http%3A%2F%2Fwww.shutupandtakemymoney.com%2F&ea=0&flash=0&wgl=1&dt=1570627384485&bpp=15&bdt=566&fdt=641&idt=641&shv=r20191003&cbv=r20190131&saldr=aa&correlator=5393590382789&frm=24&ife=1&pv=2&ga_vid=1108687430.1570627332&ga_sid=1570627385&ga_hid=918678245&ga_fc=0&iag=3&icsg=678&nhd=1&dssz=7&mdo=0&mso=512&u_tz=180&u_his=2&u_java=0&u_h=600&u_w=800&u_ah=600&u_aw=800&u_cd=24&u_nplug=0&u_nmime=0&adx=-12245933&ady=-12245933&biw=-12245933&bih=-12245933&isw=0&ish=0&ifk=1423944195&scr_x=-12245933&scr_y=-12245933&eid=20199335%2C21064715&oid=3&pvsid=2553955048692660&pem=59&rx=0&eae=2&brdim=0%2C0%2C0%2C0%2C800%2C0%2C800%2C600%2C0%2C0&vis=1&rsz=%7C%7CE%7C&abl=CS&pfx=0&fu=16&bc=23&ifi=1&uci=1.g0zhqnattdru&fsb=1&dtd=657,HTTP/1.1,1488,0,,200,OK,HTTP/1.1,0,text/html; charset=UTF-8,,,751,22850,,,,34,-1,-1,269,-1,0,-1,172.217.22.2,,305,value
92,,2019-10-09T16:23:05.151+03:00,GET,https://www.googletagservices.com/activeview/js/current/osd.js?cb=%2Fr20100101,HTTP/1.1,417,0,,200,OK,HTTP/1.1,0,text/javascript,,,708,29093,,,,27,-1,-1,96,-1,0,-1,216.58.210.2,,124,value
93,,2019-10-09T16:23:05.153+03:00,GET,https://www.gstatic.com/mysidia/8811fd9fc9ac1d90c1bf97acd6e28023.js,HTTP/1.1,1294,0,,200,OK,HTTP/1.1,0,text/javascript,,,512,13339,,,,18,-1,-1,82,-1,0,-1,172.217.22.67,,100,
94,,2019-10-09T16:23:05.161+03:00,GET,https://www.gstatic.com/mysidia/53a5546135f50d091f00adac36cc3ab9.js,HTTP/1.1,1294,0,,200,OK,HTTP/1.1,0,text/javascript,,,513,2332,,,,2,-1,-1,85,-1,0,-1,172.217.22.67,,88,
95,,2019-10-09T16:23:05.278+03:00,GET,https://tpc.googlesyndication.com/daca_images/simgad/432569836211033994,HTTP/1.1,1334,0,,200,OK,HTTP/1.1,0,image/jpeg,,,549,39755,,,,56,-1,-1,85,-1,0,-1,172.217.16.129,,142,
96,,2019-10-09T16:23:05.382+03:00,GET,https://plugin.monotote.com/panel-new.min.235a2781.js,HTTP/1.1,381,0,,200,OK,HTTP/1.1,0,application/javascript,,,928,208086,,,,202,0,336,91,310,0,0,13.225.249.47,,630,
97,,2019-10-09T16:23:05.396+03:00,GET,https://www.linkedin.com/countserv/count/share?format=jsonp&url=http%3A%2F%2Fwww.shutupandtakemymoney.com%2F&callback=linkedinjsonpcallbackwpsesi&_=1570627379661,HTTP/1.1,737,0,,404,Not Found,HTTP/1.1,0,text/html,,,1772,24810,,,,76,0,369,197,339,0,0,185.63.145.1,,643,value
98,,2019-10-09T16:23:05.493+03:00,GET,https://tpc.googlesyndication.com/simgad/15226032664602223377/downsize_200k_v1?w=300&h=300,HTTP/1.1,1353,0,,200,OK,HTTP/1.1,0,image/jpeg,,,545,7201,,,,18,-1,-1,103,-1,0,-1,172.217.16.129,,122,value
99,,2019-10-09T16:23:05.517+03:00,GET,https://googleads.g.doubleclick.net/pagead/adview?ai=ChcDJTOOdXaLTNcqKrATH7ZiwBtSm69lY6P6X4rgKv-EeEAEg-szjFGD5uvSDnBCgAb6bq_kCyAEJqQKoY5VuYSmTPqgDAcgDwwSqBMIBT9AqaXVe7NmeeH8z-JI-YOod8A1o3LQhBQdUi0KaBbI9wewHnQAsxY2tuaUQtNXT84JU-Atlrf7iqFzL5eAuU8H5-KwUMZN65gykR2PprYTp1yy2hn96IKnKUlnV7413t6lrwluO-WIzF0dOQDf7e0V50HmP8ESOkQYdMRo20RkZwSiHH07HcajyrksTEmmoEo16Gwsd-Vi7102F-UMZuPgdQC0Jn4bHSD-zYoybhACOCmqNBkEH7XRtuE76Q58WrcbABLOm1sK2ApIFBAgEGAGSBQQIBRgEoAYugAeq5NSGAagHjs4bqAfVyRuoB8HTG6gHhdQbqAeB1BuoB4LUG6gHhtQbqAeE1BuoB5PYG6gH4NMbqAe6BqgH2csbqAfPzBuoB6a-G9gHAPIHAxCnNtIIBwiAYRABGB6ACgHYEw2IFAI&sigh=3KQvS1eIER0&template_id=484&tpd=AGWhJmv7v4DtsUrcXw1k_Wr_-n218_sZ6Wxl41GENIFgMZqgwg,HTTP/1.1,1966,0,,200,OK,HTTP/1.1,0,text/html; charset=UTF-8,,,788,0,,,,0,-1,-1,102,-1,0,-1,172.217.22.2,,103,value
100,,2019-10-09T16:23:05.518+03:00,GET,https://cm.g.doubleclick.net/pixel/attr?d=AHNF13JwcczbmScMe4oBuqKP7RhNGYbO0Xih,HTTP/1.1,561,0,,204,No Content,HTTP/1.1,0,text/html,,,512,0,,,,0,0,355,102,334,0,0,172.217.23.130,,458,value
101,,2019-10-09T16:23:05.545+03:00,GET,https://pagead2.googlesyndication.com/pagead/s/cookie_push.html,HTTP/1.1,1412,0,,200,OK,HTTP/1.1,0,text/html; charset=UTF-8,,,842,652,,,,0,-1,-1,85,-1,0,-1,216.58.210.2,,86,
102,,2019-10-09T16:23:05.657+03:00,GET,https://cm.g.doubleclick.net/pixel/attr?d=AHNF13JuYHljaaUE8JhiIbvj1qsJnxx7kiVt,HTTP/1.1,561,0,,204,No Content,HTTP/1.1,0,text/html,,,512,0,,,,0,-1,-1,103,-1,0,-1,172.217.23.130,,103,value
103,,2019-10-09T16:23:05.978+03:00,GET,https://plugin.monotote.com/css/plugin-new.0668d4bc.css?1.42.0,HTTP/1.1,405,0,,200,OK,HTTP/1.1,0,text/css,,,909,21642,,,,2,-1,-1,98,-1,0,-1,13.225.249.47,,100,value
104,,2019-10-09T16:23:06.208+03:00,POST,https://api.monotote.com/v1/t/visit?api-key=2y10b1g3qectrvfluj4rtkhitoeojubg9iyr4mh9mainmnwknfeanf4e&language=&referrer=http%3A%2F%2Fwww.shutupandtakemymoney.com%2F&user-id=ade2d523-d04d-4cd4-c6dd-83a274964f09,HTTP/1.1,642,0,,200,OK,HTTP/1.1,0,image/jpg,,,527,695,,,,0,0,230,216,207,0,0,37.139.15.252,,447,value
105,,2019-10-09T16:23:06.835+03:00,GET,https://plugin.monotote.com/fonts/SF-Pro-Text-Regular.b166cde7.woff,HTTP/1.1,463,0,,200,OK,HTTP/1.1,0,application/x-font-woff,,,873,131880,,,,169,0,331,89,303,0,0,13.225.249.47,,590,
106,,2019-10-09T16:23:07.100+03:00,GET,https://plugin.monotote.com/fonts/icomoon.5d94c732.woff,HTTP/1.1,451,0,,200,OK,HTTP/1.1,0,application/x-font-woff,,,871,31764,,,,5,-1,-1,103,-1,0,-1,13.225.249.47,,109,
107,,2019-10-09T16:23:08.390+03:00,GET,https://ssum-sec.casalemedia.com/usermatchredir?s=184023&cb=https%3A%2F%2Fcm.g.doubleclick.net%2Fpixel%3Fgoogle_nid%3Dindex%26google_hm%3D&google_gid=CAESEO1YHqucRpNiai1YqCH5kIo&google_cver=1&google_push=AHNF13Ls09uDpf_CbsugSr_LOLbXDEZuY8qj0Y-N1fb3DA,HTTP/1.1,641,0,,302,Moved Temporarily,HTTP/1.1,0,text/html; charset=iso-8859-1,,https://ssum-sec.casalemedia.com/usermatchredir?s=184023&cb=https%3A%2F%2Fcm.g.doubleclick.net%2Fpixel%3Fgoogle_nid%3Dindex%26google_hm%3D&google_gid=CAESEO1YHqucRpNiai1YqCH5kIo&google_cver=1&google_push=AHNF13Ls09uDpf_CbsugSr_LOLbXDEZuY8qj0Y-N1fb3DA&C=1,821,458,,,,0,0,2703,246,2675,0,28,212.55.189.217,,2978,value
108,,2019-10-09T16:23:08.641+03:00,GET,https://ssum-sec.casalemedia.com/usermatchredir?s=184023&cb=https%3A%2F%2Fcm.g.doubleclick.net%2Fpixel%3Fgoogle_nid%3Dindex%26google_hm%3D&google_gid=CAESEO1YHqucRpNiai1YqCH5kIo&google_cver=1&google_push=AHNF13Ls09uDpf_CbsugSr_LOLbXDEZuY8qj0Y-N1fb3DA&C=1,HTTP/1.1,694,0,,302,Moved Temporarily,HTTP/1.1,0,text/html; charset=iso-8859-1,,https://cm.g.doubleclick.net/pixel?google_nid=index&google_hm=XZ3jULlQJZMAAFvoYhsAAAEAArYAAAIB&google_cver=1&google_gid=CAESEO1YHqucRpNiai1YqCH5kIo&google_push=AHNF13Ls09uDpf_CbsugSr_LOLbXDEZuY8qj0Y-N1fb3DA,963,406,,,,0,-1,-1,247,-1,0,-1,212.55.189.217,,248,value
109,,2019-10-09T16:23:08.727+03:00,GET,https://api1.monotote.com/v1/plugin/themes/default,HTTP/1.1,463,0,,200,OK,HTTP/1.1,0,application/json,,,688,1067,,,,0,0,2492,115,2462,0,87,37.139.15.252,,2696,
110,,2019-10-09T16:23:08.846+03:00,GET,https://api1.monotote.com/v1/shoppables/feed?api-key=2y10b1g3qectrvfluj4rtkhitoeojubg9iyr4mh9mainmnwknfeanf4e,HTTP/1.1,522,0,,200,OK,HTTP/1.1,0,application/json,,,738,95,,,,0,-1,-1,112,-1,0,-1,37.139.15.252,,112,value
111,,2019-10-09T16:23:09.097+03:00,GET,https://cm.g.doubleclick.net/pixel?google_nid=index&google_hm=XZ3jULlQJZMAAFvoYhsAAAEAArYAAAIB&google_cver=1&google_gid=CAESEO1YHqucRpNiai1YqCH5kIo&google_push=AHNF13Ls09uDpf_CbsugSr_LOLbXDEZuY8qj0Y-N1fb3DA,HTTP/1.1,689,0,,200,OK,HTTP/1.1,0,image/png,,,606,170,,,,0,0,202,105,174,0,0,172.217.23.130,,309,value
112,,2019-10-09T16:23:12.541+03:00,GET,https://www.google.com/ads/measurement/l?ebcid=ALh7CaQw9begeVw0_TQc6a-J5KvlACFPbW310Q0dKxgKZdtZfHIsBDyutlg7KnF9_8w1MJ2Zk7kgI4cCTMgfr5OVLP32R8OXjg,HTTP/1.1,1408,0,,204,No Content,HTTP/1.1,0,text/html; charset=UTF-8,,,366,0,,,,0,-1,-1,105,-1,0,-1,216.58.205.228,,106,value
113,,2019-10-09T16:23:12.647+03:00,GET,https://tpc.googlesyndication.com/pagead/js/r20191003/r20110914/client/window_focus.js,HTTP/1.1,1301,0,,200,OK,HTTP/1.1,0,text/javascript; charset=UTF-8,,,679,1044,,,,0,-1,-1,96,-1,0,-1,172.217.16.129,,97,
114,,2019-10-09T16:23:12.659+03:00,GET,https://ad.doubleclick.net/ddm/trackimp/N743659.2810401ADWORDS/B23007502.251830938;dc_trk_aid=447750945;dc_trk_cid=119089164;ord=855006985;dc_lat=;dc_rdid=;tag_for_child_directed_treatment=;tfua=?,HTTP/1.1,1532,0,,302,Found,HTTP/1.1,0,text/html; charset=UTF-8,,https://ad.doubleclick.net/ddm/trackimp/N743659.2810401ADWORDS/B23007502.251830938;dc_pre=CJ-imfCmj-UCFZdx4Aod0wYLnw;dc_trk_aid=447750945;dc_trk_cid=119089164;ord=855006985;dc_lat=;dc_rdid=;tag_for_child_directed_treatment=;tfua=?,883,0,,,,0,0,7623,97,7601,0,0,172.217.22.70,,7722,
115,,2019-10-09T16:23:12.664+03:00,GET,https://googleads.g.doubleclick.net/pagead/adview?ai=CFgj9TOOdXdrrB8vf3wPl7ZTICN277Y9XtNKnpfYJv-EeEAEg-szjFGD5uvSDnBCgAfWUzJQDyAEJqQKoY5VuYSmTPqgDAcgDwwSqBMYBT9CNTB0nHR8NXF8LA95gDcs0JTE7xeMj7sKJF8cWkRYueRwlu9sx36j_pYa2lvPpjWkD8czSV6W9GEVMWRMrLzeSCMPTjlcF3MCJm9XUbwghXztBI8tT63JXexGHGr_3cSLNOvdahyEseNiF4rutjkQB5lgXZDSjos94NK8kxe9ga49tRX5GU7Qp_ltahzSXxuy_ttzEP98v5tjafNYxVM2B9DFBaVZmqcvpAC9jCFgnAn10uqoTB0IRUao5b_MJiIqRF-FdwATJztjfigKSBQQIBBgBkgUECAUYBKAGLoAH8-qza6gHjs4bqAfVyRuoB8HTG6gHhdQbqAeB1BuoB4LUG6gHhtQbqAeE1BuoB5PYG6gH4NMbqAe6BqgH2csbqAfPzBuoB6a-G9gHAPIHBBDMpwTSCAcIgGEQARgegAoB2BMC&sigh=l1yBl8ca61I&template_id=484&tpd=AGWhJmtCR7Iv0boGiviB9RDqF7e_OLg2oUbiw1ZspP1nE_Uwwg,HTTP/1.1,1998,0,,200,OK,HTTP/1.1,0,text/html; charset=UTF-8,,,788,0,,,,0,-1,-1,100,-1,0,-1,172.217.22.2,,101,value
116,,2019-10-09T16:23:12.678+03:00,GET,https://www.google.com/ads/measurement/l?ebcid=ALh7CaRVxD6vGS61rOSy319NRCeVFaJyv1RomdhhYFd3Zr8BEXN5V8LvjQuEJbV8DQkApcpFhFyEzLroQDBfSb09jLh4LoFaIw,HTTP/1.1,1396,0,,204,No Content,HTTP/1.1,0,text/html; charset=UTF-8,,,366,0,,,,0,-1,-1,104,-1,0,-1,216.58.205.228,,105,value
117,,2019-10-09T16:23:12.679+03:00,GET,https://ad.doubleclick.net/ddm/trackimp/N743659.2810401ADWORDS/B23007502.251830938;dc_trk_aid=447750945;dc_trk_cid=119089164;ord=3083709170;dc_lat=;dc_rdid=;tag_for_child_directed_treatment=;tfua=?,HTTP/1.1,1503,0,,302,Found,HTTP/1.1,0,text/html; charset=UTF-8,,https://ad.doubleclick.net/ddm/trackimp/N743659.2810401ADWORDS/B23007502.251830938;dc_pre=CI2lmvCmj-UCFUVx4AodhmgENQ;dc_trk_aid=447750945;dc_trk_cid=119089164;ord=3083709170;dc_lat=;dc_rdid=;tag_for_child_directed_treatment=;tfua=?,884,0,,,,0,0,8127,98,8098,0,24,172.217.22.70,,8252,
118,,2019-10-09T16:23:12.708+03:00,GET,https://pagead2.googlesyndication.com/pagead/s/cookie_push.html,HTTP/1.1,1431,0,,200,OK,HTTP/1.1,0,text/html; charset=UTF-8,,,842,652,,,,0,0,135,87,113,0,0,216.58.210.2,,225,
119,,2019-10-09T16:23:12.749+03:00,GET,https://tpc.googlesyndication.com/pagead/js/r20191003/r20110914/client/window_focus.js,HTTP/1.1,1313,0,,200,OK,HTTP/1.1,0,text/javascript; charset=UTF-8,,,679,1044,,,,0,-1,-1,91,-1,0,-1,172.217.16.129,,92,
120,,2019-10-09T16:23:12.761+03:00,GET,https://ad.doubleclick.net/ddm/trackimp/N743659.2810401ADWORDS/B23007502.251830938;dc_pre=CJ-imfCmj-UCFZdx4Aod0wYLnw;dc_trk_aid=447750945;dc_trk_cid=119089164;ord=855006985;dc_lat=;dc_rdid=;tag_for_child_directed_treatment=;tfua=?,HTTP/1.1,1566,0,,200,OK,HTTP/1.1,0,image/gif,,,587,42,,,,0,-1,-1,123,-1,0,-1,172.217.22.70,,123,
121,,2019-10-09T16:23:12.789+03:00,GET,https://ad.doubleclick.net/ddm/trackimp/N743659.2810401ADWORDS/B23007502.251830938;dc_pre=CI2lmvCmj-UCFUVx4AodhmgENQ;dc_trk_aid=447750945;dc_trk_cid=119089164;ord=3083709170;dc_lat=;dc_rdid=;tag_for_child_directed_treatment=;tfua=?,HTTP/1.1,1537,0,,200,OK,HTTP/1.1,0,image/gif,,,587,42,,,,0,-1,-1,105,-1,0,-1,172.217.22.70,,105,
122,,2019-10-09T16:23:12.803+03:00,GET,https://pagead2.googlesyndication.com/pagead/s/cookie_push.html,HTTP/1.1,1443,0,,200,OK,HTTP/1.1,0,text/html; charset=UTF-8,,,842,652,,,,0,-1,-1,94,-1,0,-1,216.58.210.2,,95,
123,,2019-10-09T16:23:13.074+03:00,GET,https://cm.g.doubleclick.net/pixel/attr?d=AHNF13I4zSJYTizl8aWkmlKlzt1puG5QUFIC,HTTP/1.1,561,0,,204,No Content,HTTP/1.1,0,text/html,,,512,0,,,,0,0,222,96,189,0,0,172.217.23.130,,319,value
124,,2019-10-09T16:23:13.174+03:00,GET,https://cm.g.doubleclick.net/pixel/attr?d=AHNF13J5dHH6WFoLFiXqbk4pDW-0VS88Ai6_,HTTP/1.1,561,0,,204,No Content,HTTP/1.1,0,text/html,,,512,0,,,,0,-1,-1,99,-1,0,-1,172.217.23.130,,100,value
125,,2019-10-09T16:23:13.908+03:00,POST,https://api3.monotote.com/v1/plugin/search?api-key=2y10b1g3qectrvfluj4rtkhitoeojubg9iyr4mh9mainmnwknfeanf4e&user-id=ade2d523-d04d-4cd4-c6dd-83a274964f09,HTTP/1.1,614,1496,,200,OK,HTTP/1.1,0,application/json,,,656,66,,,,0,0,6320,2680,6296,1,121,146.185.139.55,,9123,value
126,,2019-10-09T16:23:15.189+03:00,GET,https://cms.quantserve.com/dpixel?a=p-n5vvLvRdjg0ek&eid=0&qc_google_push=&google_gid=CAESEK4rzobmowGabXNi5lIiEF0&google_cver=1&google_push=AHNF13JcwLQtC47LttO7GOUUTJiMM5BrPmTZTMozjPBf,HTTP/1.1,574,0,,200,OK,HTTP/1.1,0,image/gif,,,575,35,,,,0,0,2279,116,2253,0,26,91.228.74.203,,2423,value
127,,2019-10-09T16:23:16.373+03:00,GET,https://pagead2.googlesyndication.com/bg/aPEEM9OJ9hGaYafZgWtx3Nc8atx1tS31xt75J5Meqn4.js,HTTP/1.1,1283,0,,200,OK,HTTP/1.1,0,text/javascript,,,737,5323,,,,2,-1,-1,98,-1,0,-1,216.58.210.2,,101,
128,,2019-10-09T16:23:16.420+03:00,GET,https://cdn.monotote.com/uploads/theme-assets/invisible-empty-red-cart-sticker-left-with-shadows.css,HTTP/1.1,443,0,,200,OK,HTTP/1.1,0,text/css,,,463,743,,,,49,0,7459,90,7435,0,85,13.224.132.92,,7684,
129,,2019-10-09T16:23:16.476+03:00,GET,https://pagead2.googlesyndication.com/bg/aPEEM9OJ9hGaYafZgWtx3Nc8atx1tS31xt75J5Meqn4.js,HTTP/1.1,1302,0,,200,OK,HTTP/1.1,0,text/javascript,,,737,5323,,,,2,-1,-1,90,-1,0,-1,216.58.210.2,,94,
130,,2019-10-09T16:23:16.599+03:00,GET,https://cdn.monotote.com/uploads/theme-assets/stylist-sticker.jpg,HTTP/1.1,382,0,,200,OK,HTTP/1.1,0,image/jpeg,,,466,1939,,,,134,-1,-1,98,-1,0,-1,13.224.132.92,,233,
131,,2019-10-09T16:23:16.686+03:00,GET,https://rtb.openx.net/sync/dds?google_gid=CAESEGxxzH3fhdCCzjPPleKhJjk&google_cver=1&google_push=AHNF13I2H5OIopKtvvylAoDEiROEYsrQA7hGfDeMFGD7yg,HTTP/1.1,533,0,,302,Found,HTTP/1.1,0,,,https://rtb.openx.net/sync/dds?google_gid=CAESEGxxzH3fhdCCzjPPleKhJjk&google_cver=1&google_push=AHNF13I2H5OIopKtvvylAoDEiROEYsrQA7hGfDeMFGD7yg&ox_sc=1,723,0,,,,0,0,4024,377,3990,0,29,34.96.111.110,,4431,value
132,,2019-10-09T16:23:17.067+03:00,GET,https://rtb.openx.net/sync/dds?google_gid=CAESEGxxzH3fhdCCzjPPleKhJjk&google_cver=1&google_push=AHNF13I2H5OIopKtvvylAoDEiROEYsrQA7hGfDeMFGD7yg&ox_sc=1,HTTP/1.1,600,0,,302,Found,HTTP/1.1,0,,,https://cm.g.doubleclick.net/pixel?google_nid=open&google_push=AHNF13I2H5OIopKtvvylAoDEiROEYsrQA7hGfDeMFGD7yg&google_hm=ApFystDKxTYWIS32646-XA==,570,0,,,,0,-1,-1,396,-1,0,-1,34.96.111.110,,396,value
133,,2019-10-09T16:23:17.469+03:00,GET,https://cm.g.doubleclick.net/pixel?google_nid=open&google_push=AHNF13I2H5OIopKtvvylAoDEiROEYsrQA7hGfDeMFGD7yg&google_hm=ApFystDKxTYWIS32646-XA==,HTTP/1.1,627,0,,200,OK,HTTP/1.1,0,image/png,,,606,170,,,,0,-1,-1,99,-1,0,-1,172.217.23.130,,101,value
134,,2019-10-09T16:23:17.641+03:00,GET,https://image6.pubmatic.com/AdServer/UCookieSetPug?oid=1&rd=https%3A%2F%2Fcm.g.doubleclick.net%2Fpixel%3Fgoogle_nid%3Dpmeb%26google_sc%3D1%26google_hm%3D%23%23B64_16B_PM_UID%26google_redir%3Dhttps%25253A%25252F%25252Fimage8.pubmatic.com%25252FAdServer%25252FImgSync%25253Fsec%25253D1%252526p%25253D156578%252526mpc%25253D4%252526fp%25253D1%252526pu%25253Dhttps%2525253A%2525252F%2525252Fimage4.pubmatic.com%2525252FAdServer%2525252FSPug%2525253Fp%2525253D156578%25252526sc%2525253D1&google_gid=CAESEIcpLC62YTLlas7FMgq4UvQ&google_cver=1&google_push=AHNF13LOsSWiLHH3dlYP_qSOPzO49dKDU-OwE7dwdvjrbw,HTTP/1.1,1062,0,,302,Found,HTTP/1.1,0,text/html; charset=UTF-8,,https://cm.g.doubleclick.net/pixel?google_nid=pmeb&google_sc=1&google_hm=LpBHz_zrTsCnFY8VvVk0CA%3D%3D&google_redir=https%3A%2F%2Fimage8.pubmatic.com%2FAdServer%2FImgSync%3Fsec%3D1%26p%3D156578%26mpc%3D4%26fp%3D1%26pu%3Dhttps%253A%252F%252Fimage4.pubmatic.com%252FAdServer%252FSPug%253Fp%253D156578%2526sc%253D1&google_push=AHNF13LOsSWiLHH3dlYP_qSOPzO49dKDU-OwE7dwdvjrbw,626,0,,,,0,0,966,314,939,0,0,103.231.98.196,,1282,value
135,,2019-10-09T16:23:17.964+03:00,GET,https://cm.g.doubleclick.net/pixel?google_nid=pmeb&google_sc=1&google_hm=LpBHz_zrTsCnFY8VvVk0CA%3D%3D&google_redir=https%3A%2F%2Fimage8.pubmatic.com%2FAdServer%2FImgSync%3Fsec%3D1%26p%3D156578%26mpc%3D4%26fp%3D1%26pu%3Dhttps%253A%252F%252Fimage4.pubmatic.com%252FAdServer%252FSPug%253Fp%253D156578%2526sc%253D1&google_push=AHNF13LOsSWiLHH3dlYP_qSOPzO49dKDU-OwE7dwdvjrbw,HTTP/1.1,852,0,,200,OK,HTTP/1.1,0,image/png,,,606,170,,,,0,-1,-1,91,-1,0,-1,172.217.23.130,,92,value
