,pageref,startedDateTime,request.method,request.url,request.httpVersion,request.headersSize,request.bodySize,request.comment,response.status,response.statusText,response.httpVersion,response.content.size,response.content.mimeType,response.content.comment,response.redirectURL,response.headersSize,response.bodySize,response.comment,timings.comment,timings.receive,timings.connect,timings.blocked,timings.dns,timings.ssl,timings.wait,timings.send,serverIPAddress,comment,time,request.queryString.name,response._error
0,,2019-10-11T13:14:07.418+03:00,GET,http://www.partycloud.fm/,HTTP/1.1,425,0,,301,Moved Permanently,HTTP/1.1,0,text/html;charset=iso-8859-1,,https://partycloud.fm/,270,313,,,8,53,0,249,-1,290,8,54.39.51.235,,610,,
1,,2019-10-11T13:14:10.164+03:00,GET,https://partycloud.fm/,HTTP/1.1,417,0,,200,OK,HTTP/1.1,0,text/html; charset=utf-8,,,479,6678,,,6,2069,0,3,2048,192,1,54.39.51.235,,2273,,
2,,2019-10-11T13:14:10.484+03:00,GET,https://partycloud.fm/partycloud.js?x=abjj3lldb,HTTP/1.1,362,0,,200,OK,HTTP/1.1,0,application/javascript,,,361,92040,,,335,-1,-1,-1,-1,213,1,54.39.51.235,,549,value,
3,,2019-10-11T13:14:10.844+03:00,GET,https://partycloud.fm/src/images/spinner.gif,HTTP/1.1,395,0,,200,OK,HTTP/1.1,0,image/gif,,,285,673,,,1,325,0,0,305,179,4,54.39.51.235,,511,,
4,,2019-10-11T13:14:10.865+03:00,GET,https://partycloud.fm/src/images/all3.png,HTTP/1.1,392,0,,200,OK,HTTP/1.1,0,image/png,,,287,34827,,,183,359,0,0,331,179,1,54.39.51.235,,724,,
5,,2019-10-11T13:14:10.867+03:00,GET,https://partycloud.fm/src/images/super_video_8bits.png,HTTP/1.1,405,0,,200,OK,HTTP/1.1,0,image/png,,,287,10516,,,12,371,0,0,342,180,1,54.39.51.235,,565,,
6,,2019-10-11T13:14:11.189+03:00,POST,https://partycloud.fm/api/playlist2,HTTP/1.1,540,46,,0,,unknown,0,,,,-1,-1,,,0,-1,-1,-1,-1,0,1,54.39.51.235,,1,,No response received
7,,2019-10-11T13:14:11.193+03:00,GET,https://partycloud.fm/search.php?search=guetta&_=1570788851190,HTTP/1.1,408,0,,200,OK,HTTP/1.1,0,text/html; charset=UTF-8,,,215,2,,,0,-1,-1,-1,-1,179,0,54.39.51.235,,181,value,
8,,2019-10-11T13:14:12.729+03:00,GET,https://www.partycloud.fm/desktop/paypal_button1.png,HTTP/1.1,401,0,,200,OK,HTTP/1.1,0,image/png,,,286,8826,,,3,2240,0,0,2204,201,1,54.39.51.235,,2446,,
9,,2019-10-11T13:14:13.878+03:00,GET,https://connect.facebook.net/en_US/all.js,HTTP/1.1,355,0,,200,OK,HTTP/1.1,0,application/x-javascript; charset=utf-8,,,805,1779,,,1,2690,0,30,2672,90,1,157.240.1.23,,2813,,
10,,2019-10-11T13:14:13.943+03:00,GET,https://api.soundcloud.com/tracks?format=json&order=hotness&filter=streamable&offset=0&limit=50&q=guetta&client_id=80c812d9fa865331ce9e76090355911f&_status_code_map[302]=200,HTTP/1.1,564,0,,200,OK,HTTP/1.1,0,application/json;charset=utf-8,,,762,4439,,,6,2697,0,31,2666,371,0,13.225.251.42,,3106,value,
11,,2019-10-11T13:14:14.196+03:00,GET,https://connect.facebook.net/en_US/all.js?hash=70077e327598c2fbd15c854b7ae63edc&ua=modern_es6,HTTP/1.1,435,0,,200,OK,HTTP/1.1,0,application/x-javascript; charset=utf-8,,,820,56410,,,93,210,0,0,180,97,0,157.240.1.23,,402,value,
12,,2019-10-11T13:14:14.327+03:00,POST,https://partycloud.fm/api/search2,HTTP/1.1,539,190,,200,OK,HTTP/1.1,0,text/html; charset=utf-8,,,247,0,,,0,-1,-1,-1,-1,181,0,54.39.51.235,,182,,
13,,2019-10-11T13:14:16.055+03:00,GET,https://www.facebook.com/x/oauth/status?client_id=371510306225184&input_token&origin=1&redirect_uri=https%3A%2F%2Fpartycloud.fm%2F&sdk=joey&wants_cookie_data=true,HTTP/1.1,504,0,,200,OK,HTTP/1.1,0,text/plain; charset=UTF-8,,,594,0,,,0,1605,0,0,1577,102,0,157.240.1.35,,1710,value,
14,,2019-10-11T13:14:16.864+03:00,GET,https://staticxx.facebook.com/connect/xd_arbiter.php?version=44,HTTP/1.1,530,0,,200,OK,HTTP/1.1,0,text/html; charset=utf-8,,,516,11634,,,7,2408,0,21,2385,88,1,157.240.1.23,,2527,value,
15,,2019-10-11T13:14:17.025+03:00,GET,https://www.statcounter.com/counter/counter.js,HTTP/1.1,360,0,,200,OK,HTTP/1.1,0,application/x-javascript,,,674,9898,,,4,5820,0,46,5781,112,0,104.20.2.47,,5984,,
