,pageref,startedDateTime,request.method,request.url,request.httpVersion,request.headersSize,request.bodySize,request.comment,response.status,response.statusText,response.httpVersion,response.content.size,response.content.mimeType,response.content.comment,response.redirectURL,response.headersSize,response.bodySize,response.comment,timings.comment,timings.receive,timings.blocked,timings.connect,timings.wait,timings.send,timings.dns,timings.ssl,serverIPAddress,comment,time
0,,2019-10-09T16:58:58.055+03:00,GET,http://hubski.com/,HTTP/1.1,411,0,,200,OK,HTTP/1.1,0,text/html;charset=utf-8,,,221,91020,,,388,0,56,724,12,96,-1,162.243.169.82,,1277
1,,2019-10-09T16:58:59.035+03:00,GET,http://hubski.com/jquery.min.js,HTTP/1.1,308,0,,200,OK,HTTP/1.1,0,application/x-javascript,,,382,93637,,,378,0,39,275,1,3,-1,162.243.169.82,,698
2,,2019-10-09T16:58:59.036+03:00,GET,http://hubski.com/5-11-dark.css,HTTP/1.1,323,0,,200,OK,HTTP/1.1,0,text/css,,,222,23790,,,130,0,39,258,1,3,-1,162.243.169.82,,433
3,,2019-10-09T16:58:59.037+03:00,GET,http://hubski.com/colorbox_intro.js,HTTP/1.1,312,0,,200,OK,HTTP/1.1,0,text/javascript,,,229,26128,,,112,0,38,296,1,3,-1,162.243.169.82,,452
4,,2019-10-09T16:58:59.038+03:00,GET,http://hubski.com/jquery.sparklines.js,HTTP/1.1,315,0,,200,OK,HTTP/1.1,0,application/x-javascript,,,381,43247,,,242,0,38,277,1,2,-1,162.243.169.82,,563
5,,2019-10-09T16:59:01.234+03:00,GET,https://npmcdn.com/hubski-markdown@1.0.2,HTTP/1.1,350,0,,302,Found,HTTP/1.1,0,text/plain; charset=utf-8,,/hubski-markdown@1.0.2/lib/index.js,833,57,,,2,0,2117,99,1,52,2091,104.25.57.32,,2273
6,,2019-10-09T16:59:01.348+03:00,GET,https://npmcdn.com/hubski-markdown@1.0.2/lib/index.js,HTTP/1.1,425,0,,200,OK,HTTP/1.1,0,application/javascript; charset=utf-8,,,761,31909,,,217,-1,-1,150,1,-1,-1,104.25.57.32,,368
7,,2019-10-09T16:59:01.825+03:00,GET,http://hubski.com/font/SourceSansPro-Semibold.otf.woff,HTTP/1.1,371,0,,200,OK,HTTP/1.1,0,application/octet-stream,,,366,74996,,,263,-1,-1,176,0,-1,-1,162.243.169.82,,441
8,,2019-10-09T16:59:01.913+03:00,GET,http://hubski.com/font/OpenSans-Semibold.ttf,HTTP/1.1,361,0,,200,OK,HTTP/1.1,0,application/octet-stream,,,367,221328,,,514,-1,-1,172,0,-1,-1,162.243.169.82,,687
9,,2019-10-09T16:59:01.916+03:00,GET,http://hubski.com/font/SourceSansPro-Regular.otf.woff,HTTP/1.1,370,0,,200,OK,HTTP/1.1,0,application/octet-stream,,,366,75420,,,276,-1,-1,175,0,-1,-1,162.243.169.82,,452
